time,enrolled,available,waitlisted,total
2022-11-05T20:13:46,0,28,0,28
2022-11-05T20:23:03,0,28,0,28
2022-11-05T20:32:20,0,28,0,28
2022-11-05T20:41:48,0,28,0,28
2022-11-05T20:51:04,0,28,0,28
2022-11-05T21:00:20,0,28,0,28
2022-11-05T21:09:35,0,28,0,28
2022-11-05T21:18:50,0,28,0,28
2022-11-05T21:28:05,0,28,0,28
2022-11-05T21:37:21,0,28,0,28
2022-11-05T21:46:38,0,28,0,28
2022-11-05T21:55:53,0,28,0,28
2022-11-05T22:05:08,0,28,0,28
2022-11-05T22:14:23,0,28,0,28
2022-11-05T22:23:38,0,28,0,28
2022-11-05T22:32:55,0,28,0,28
2022-11-05T22:42:12,0,28,0,28
2022-11-05T22:51:27,0,28,0,28
2022-11-05T23:00:43,0,28,0,28
2022-11-05T23:10:00,0,28,0,28
2022-11-05T23:19:16,0,28,0,28
2022-11-05T23:28:32,0,28,0,28
2022-11-05T23:37:50,0,28,0,28
2022-11-05T23:47:06,0,28,0,28
2022-11-05T23:56:22,0,28,0,28
2022-11-06T00:05:47,0,28,0,28
2022-11-06T00:15:04,0,28,0,28
2022-11-06T00:24:20,0,28,0,28
2022-11-06T00:33:35,0,28,0,28
2022-11-06T00:42:51,0,28,0,28
2022-11-06T00:52:06,0,28,0,28
2022-11-06T01:01:21,0,28,0,28
2022-11-06T01:10:36,0,28,0,28
2022-11-06T01:19:52,0,28,0,28
2022-11-06T01:29:08,0,28,0,28
2022-11-06T01:38:24,0,28,0,28
2022-11-06T01:47:40,0,28,0,28
2022-11-06T01:56:56,0,28,0,28
2022-11-06T01:06:12,0,28,0,28
2022-11-06T01:15:29,0,28,0,28
2022-11-06T01:24:44,0,28,0,28
2022-11-06T01:34:00,0,28,0,28
2022-11-06T01:43:15,0,28,0,28
2022-11-06T01:52:34,0,28,0,28
2022-11-06T02:01:53,0,28,0,28
2022-11-06T02:11:11,0,28,0,28
2022-11-06T02:20:30,0,28,0,28
2022-11-06T02:29:51,0,28,0,28
2022-11-06T02:39:10,0,28,0,28
2022-11-06T02:48:29,0,28,0,28
2022-11-06T02:57:48,0,28,0,28
2022-11-06T03:07:06,0,28,0,28
2022-11-06T03:16:23,0,28,0,28
2022-11-06T03:25:40,0,28,0,28
2022-11-06T03:34:58,0,28,0,28
2022-11-06T03:44:18,0,28,0,28
2022-11-06T03:53:38,0,28,0,28
2022-11-06T04:02:57,0,28,0,28
2022-11-06T04:18:16,0,28,0,28
2022-11-06T04:27:36,0,28,0,28
2022-11-06T04:36:55,0,28,0,28
2022-11-06T04:47:23,0,28,0,28
2022-11-06T04:56:58,0,28,0,28
2022-11-06T05:06:15,0,28,0,28
2022-11-06T05:15:32,0,28,0,28
2022-11-06T05:24:49,0,28,0,28
2022-11-06T05:34:06,0,28,0,28
2022-11-06T05:43:21,0,28,0,28
2022-11-06T05:52:37,0,28,0,28
2022-11-06T06:01:56,0,28,0,28
2022-11-06T06:11:15,0,28,0,28
2022-11-06T06:20:33,0,28,0,28
2022-11-06T06:29:50,0,28,0,28
2022-11-06T06:39:06,0,28,0,28
2022-11-06T06:48:22,0,28,0,28
2022-11-06T06:57:38,0,28,0,28
2022-11-06T07:06:55,0,28,0,28
2022-11-06T07:16:12,0,28,0,28
2022-11-06T07:25:30,0,28,0,28
2022-11-06T07:34:48,0,28,0,28
2022-11-06T07:44:06,0,28,0,28
2022-11-06T07:53:24,0,28,0,28
2022-11-06T08:02:41,0,28,0,28
2022-11-06T08:11:57,0,28,0,28
2022-11-06T08:21:15,0,28,0,28
2022-11-06T08:30:32,0,28,0,28
2022-11-06T08:39:49,0,28,0,28
2022-11-06T08:49:05,0,28,0,28
2022-11-06T08:58:23,0,28,0,28
2022-11-06T09:07:38,0,28,0,28
2022-11-06T09:16:53,0,28,0,28
2022-11-06T09:26:07,0,28,0,28
2022-11-06T09:35:20,0,28,0,28
2022-11-06T09:44:34,0,28,0,28
2022-11-06T09:53:48,0,28,0,28
2022-11-06T10:03:02,0,28,0,28
2022-11-06T10:12:15,0,28,0,28
2022-11-06T10:21:29,0,28,0,28
2022-11-06T10:30:45,0,28,0,28
2022-11-06T10:39:59,0,28,0,28
2022-11-06T10:49:14,0,28,0,28
2022-11-06T10:58:29,0,28,0,28
2022-11-06T11:07:43,0,28,0,28
2022-11-06T11:16:59,0,28,0,28
2022-11-06T11:26:18,0,28,0,28
2022-11-06T11:35:40,0,28,0,28
2022-11-06T11:44:55,0,28,0,28
2022-11-06T11:54:08,0,28,0,28
2022-11-06T12:03:23,0,28,0,28
2022-11-06T12:12:38,0,28,0,28
2022-11-06T12:22:04,0,28,0,28
2022-11-06T12:31:18,0,28,0,28
2022-11-06T12:40:31,0,28,0,28
2022-11-06T12:49:47,0,28,0,28
2022-11-06T12:59:01,0,28,0,28
2022-11-06T13:08:15,0,28,0,28
2022-11-06T13:17:32,0,28,0,28
2022-11-06T13:26:46,0,28,0,28
2022-11-06T13:36:00,0,28,0,28
2022-11-06T13:45:14,0,28,0,28
2022-11-06T13:54:27,0,28,0,28
2022-11-06T14:03:43,0,28,0,28
2022-11-06T14:12:58,0,28,0,28
2022-11-06T14:22:21,0,28,0,28
2022-11-06T14:31:35,0,28,0,28
2022-11-06T14:40:50,0,28,0,28
2022-11-06T14:50:06,0,28,0,28
2022-11-06T14:59:20,0,28,0,28
2022-11-06T15:08:33,0,28,0,28
2022-11-06T15:17:47,0,28,0,28
2022-11-06T15:27:01,0,28,0,28
2022-11-06T15:36:14,0,28,0,28
2022-11-06T15:45:29,0,28,0,28
2022-11-06T15:54:41,0,28,0,28
2022-11-06T16:03:54,0,28,0,28
2022-11-06T16:13:17,0,28,0,28
2022-11-06T16:22:32,0,28,0,28
2022-11-06T16:31:49,0,28,0,28
2022-11-06T16:41:04,0,28,0,28
2022-11-06T16:50:20,0,28,0,28
2022-11-06T16:59:34,0,28,0,28
2022-11-06T17:08:49,0,28,0,28
2022-11-06T17:18:03,0,28,0,28
2022-11-06T17:27:19,0,28,0,28
2022-11-06T17:36:34,0,28,0,28
2022-11-06T17:45:59,0,28,0,28
2022-11-06T17:55:13,0,28,0,28
2022-11-06T18:04:29,0,28,0,28
2022-11-06T18:13:44,0,28,0,28
2022-11-06T18:22:59,0,28,0,28
2022-11-06T18:32:13,0,28,0,28
2022-11-06T18:41:26,0,28,0,28
2022-11-06T18:50:40,0,28,0,28
2022-11-06T18:59:55,0,28,0,28
2022-11-06T19:09:20,0,28,0,28
2022-11-06T19:18:34,0,28,0,28
2022-11-06T19:27:49,0,28,0,28
2022-11-06T19:37:03,0,28,0,28
2022-11-06T19:46:16,0,28,0,28
2022-11-06T19:55:30,0,28,0,28
2022-11-06T20:04:44,0,28,0,28
2022-11-06T20:13:58,0,28,0,28
2022-11-06T20:23:12,0,28,0,28
2022-11-06T20:32:28,0,28,0,28
2022-11-06T20:41:50,0,28,0,28
2022-11-06T20:51:05,0,28,0,28
2022-11-06T21:00:19,0,28,0,28
2022-11-06T21:09:33,0,28,0,28
2022-11-06T21:18:46,0,28,0,28
2022-11-06T21:27:59,0,28,0,28
2022-11-06T21:37:12,0,28,0,28
2022-11-06T21:46:27,0,28,0,28
2022-11-06T21:55:52,0,28,0,28
2022-11-06T22:05:07,0,28,0,28
2022-11-06T22:14:22,0,28,0,28
2022-11-06T22:23:37,0,28,0,28
2022-11-06T22:32:53,0,28,0,28
2022-11-06T22:42:07,0,28,0,28
2022-11-06T22:51:21,0,28,0,28
2022-11-06T23:00:36,0,28,0,28
2022-11-06T23:10:02,0,28,0,28
2022-11-06T23:19:17,0,28,0,28
2022-11-06T23:28:33,0,28,0,28
2022-11-06T23:37:49,0,28,0,28
2022-11-06T23:47:04,0,28,0,28
2022-11-06T23:56:19,0,28,0,28
2022-11-07T00:07:20,0,28,0,28
2022-11-07T00:16:42,0,28,0,28
2022-11-07T00:26:11,0,28,0,28
2022-11-07T00:35:28,0,28,0,28
2022-11-07T00:44:42,0,28,0,28
2022-11-07T00:53:57,0,28,0,28
2022-11-07T01:03:11,0,28,0,28
2022-11-07T01:12:32,0,28,0,28
2022-11-07T01:21:48,0,28,0,28
2022-11-07T01:31:03,0,28,0,28
2022-11-07T01:40:28,0,28,0,28
2022-11-07T01:49:43,0,28,0,28
2022-11-07T01:58:58,0,28,0,28
2022-11-07T02:08:12,0,28,0,28
2022-11-07T02:17:26,0,28,0,28
2022-11-07T02:26:41,0,28,0,28
2022-11-07T02:35:56,0,28,0,28
2022-11-07T02:45:10,0,28,0,28
2022-11-07T02:54:24,0,28,0,28
2022-11-07T03:03:39,0,28,0,28
2022-11-07T03:12:53,0,28,0,28
2022-11-07T03:22:09,0,28,0,28
2022-11-07T03:31:23,0,28,0,28
2022-11-07T03:40:40,0,28,0,28
2022-11-07T03:49:55,0,28,0,28
2022-11-07T03:59:13,0,28,0,28
2022-11-07T04:08:31,0,28,0,28
2022-11-07T04:25:41,0,28,0,28
2022-11-07T04:35:19,0,28,0,28
2022-11-07T04:44:37,0,28,0,28
2022-11-07T04:53:53,0,28,0,28
2022-11-07T05:03:08,0,28,0,28
2022-11-07T05:12:22,0,28,0,28
2022-11-07T05:21:37,0,28,0,28
2022-11-07T05:30:51,0,28,0,28
2022-11-07T05:40:04,0,28,0,28
2022-11-07T05:49:19,0,28,0,28
2022-11-07T05:58:36,0,28,0,28
2022-11-07T06:07:53,0,28,0,28
2022-11-07T06:17:10,0,28,0,28
2022-11-07T06:26:27,0,28,0,28
2022-11-07T06:35:45,0,28,0,28
2022-11-07T06:45:01,0,28,0,28
2022-11-07T06:54:17,0,28,0,28
2022-11-07T07:03:34,0,28,0,28
2022-11-07T07:12:50,0,28,0,28
2022-11-07T07:22:08,0,28,0,28
2022-11-07T07:31:25,0,28,0,28
2022-11-07T07:40:43,0,28,0,28
2022-11-07T07:50:01,0,28,0,28
2022-11-07T07:59:21,0,28,0,28
2022-11-07T08:08:40,0,28,0,28
2022-11-07T08:17:59,0,28,0,28
2022-11-07T08:27:18,0,28,0,28
2022-11-07T08:36:45,0,28,0,28
2022-11-07T08:46:03,0,28,0,28
2022-11-07T08:55:20,0,28,0,28
2022-11-07T09:04:38,0,28,0,28
2022-11-07T09:14:01,0,28,0,28
2022-11-07T09:23:20,0,28,0,28
2022-11-07T09:32:40,0,28,0,28
2022-11-07T09:42:06,0,28,0,28
2022-11-07T09:51:36,0,28,0,28
2022-11-07T10:00:54,0,28,0,28
2022-11-07T10:10:13,0,28,0,28
2022-11-07T10:19:32,0,28,0,28
2022-11-07T10:28:52,0,28,0,28
2022-11-07T10:38:25,0,28,0,28
2022-11-07T10:47:43,0,28,0,28
2022-11-07T10:57:02,0,28,0,28
2022-11-07T11:06:23,0,28,0,28
2022-11-07T11:15:44,0,28,0,28
2022-11-07T11:25:15,0,28,0,28
2022-11-07T11:34:35,0,28,0,28
2022-11-07T11:43:55,0,0,0,0
2022-11-07T11:53:13,0,0,0,0
2022-11-07T12:02:31,0,0,0,0
2022-11-07T12:12:00,0,0,0,0
2022-11-07T12:21:20,0,0,0,0
2022-11-07T12:30:40,0,0,0,0
2022-11-07T12:40:00,0,0,0,0
2022-11-07T12:49:29,0,0,0,0
2022-11-07T12:58:49,0,0,0,0
2022-11-07T13:08:10,0,0,0,0
2022-11-07T13:17:32,0,0,0,0
2022-11-07T13:27:02,0,0,0,0
2022-11-07T13:36:24,0,0,0,0
2022-11-07T13:45:45,0,0,0,0
2022-11-07T13:55:16,0,0,0,0
2022-11-07T14:04:36,0,0,0,0
2022-11-07T14:13:56,0,0,0,0
2022-11-07T14:23:16,0,0,0,0
2022-11-07T14:32:46,0,0,0,0
2022-11-07T14:42:05,0,0,0,0
2022-11-07T14:51:24,0,0,0,0
2022-11-07T15:00:42,0,0,0,0
2022-11-07T15:10:02,0,0,0,0
2022-11-07T15:19:33,0,0,0,0
2022-11-07T15:28:52,0,0,0,0
2022-11-07T15:38:10,0,0,0,0
2022-11-07T15:47:28,0,0,0,0
2022-11-07T15:56:57,0,0,0,0
2022-11-07T16:06:16,0,0,0,0
2022-11-07T16:15:33,0,0,0,0
2022-11-07T16:24:51,0,0,0,0
2022-11-07T16:34:20,0,0,0,0
2022-11-07T16:43:38,0,0,0,0
2022-11-07T16:52:56,0,0,0,0
2022-11-07T17:02:14,0,0,0,0
2022-11-07T17:11:36,0,0,0,0
2022-11-07T17:21:07,0,0,0,0
2022-11-07T17:30:25,0,0,0,0
2022-11-07T17:39:42,0,0,0,0
2022-11-07T17:49:00,0,0,0,0
2022-11-07T17:58:17,0,0,0,0
2022-11-07T18:07:49,0,0,0,0
2022-11-07T18:17:06,0,0,0,0
2022-11-07T18:26:23,0,0,0,0
2022-11-07T18:35:41,0,0,0,0
2022-11-07T18:45:07,0,0,0,0
2022-11-07T18:54:25,0,0,0,0
2022-11-07T19:03:42,0,0,0,0
2022-11-07T19:13:09,0,0,0,0
2022-11-07T19:22:27,0,0,0,0
2022-11-07T19:31:45,0,0,0,0
2022-11-07T19:41:04,0,0,0,0
2022-11-07T19:50:22,0,0,0,0
2022-11-07T19:59:40,0,0,0,0
2022-11-07T20:09:09,0,0,0,0
2022-11-07T20:18:27,0,0,0,0
2022-11-07T20:27:44,0,0,0,0
2022-11-07T20:37:01,0,0,0,0
2022-11-07T20:46:19,0,0,0,0
2022-11-07T20:55:37,0,0,0,0
2022-11-07T21:05:05,0,0,0,0
2022-11-07T21:14:21,0,0,0,0
2022-11-07T21:23:38,0,0,0,0
2022-11-07T21:32:57,0,0,0,0
2022-11-07T21:42:12,0,0,0,0
2022-11-07T21:51:27,0,0,0,0
2022-11-07T22:00:54,0,0,0,0
2022-11-07T22:10:12,0,0,0,0
2022-11-07T22:19:28,0,0,0,0
2022-11-07T22:28:45,0,0,0,0
2022-11-07T22:38:00,0,0,0,0
2022-11-07T22:47:16,0,0,0,0
2022-11-07T22:56:43,0,0,0,0
2022-11-07T23:06:00,0,0,0,0
2022-11-07T23:15:16,0,0,0,0
2022-11-07T23:24:31,0,0,0,0
2022-11-07T23:33:47,0,0,0,0
2022-11-07T23:43:02,0,0,0,0
2022-11-07T23:52:18,0,0,0,0
2022-11-08T00:01:34,0,0,0,0
2022-11-08T00:11:02,0,0,0,0
2022-11-08T00:20:24,0,0,0,0
2022-11-08T00:29:41,0,0,0,0
2022-11-08T00:38:57,0,0,0,0
2022-11-08T00:48:15,0,0,0,0
2022-11-08T00:57:32,0,0,0,0
2022-11-08T01:06:50,0,0,0,0
2022-11-08T01:16:08,0,0,0,0
2022-11-08T01:25:25,0,0,0,0
2022-11-08T01:34:44,0,0,0,0
2022-11-08T01:44:01,0,0,0,0
2022-11-08T01:53:30,0,0,0,0
2022-11-08T02:02:48,0,0,0,0
2022-11-08T02:12:03,0,0,0,0
2022-11-08T02:21:19,0,0,0,0
2022-11-08T02:30:35,0,0,0,0
2022-11-08T02:39:54,0,0,0,0
2022-11-08T02:49:12,0,0,0,0
2022-11-08T02:58:29,0,0,0,0
2022-11-08T03:07:46,0,0,0,0
2022-11-08T03:17:02,0,0,0,0
2022-11-08T03:26:17,0,0,0,0
2022-11-08T03:35:33,0,0,0,0
2022-11-08T03:45:01,0,0,0,0
2022-11-08T03:54:17,0,0,0,0
2022-11-08T04:05:38,0,0,0,0
2022-11-08T04:20:48,0,0,0,0
2022-11-08T04:30:31,0,0,0,0
2022-11-08T04:39:49,0,0,0,0
2022-11-08T04:49:08,0,0,0,0
2022-11-08T04:58:26,0,0,0,0
2022-11-08T05:07:43,0,0,0,0
2022-11-08T05:17:00,0,0,0,0
2022-11-08T05:26:16,0,0,0,0
2022-11-08T05:35:34,0,0,0,0
2022-11-08T05:44:51,0,0,0,0
2022-11-08T05:54:12,0,0,0,0
2022-11-08T06:03:30,0,0,0,0
2022-11-08T06:12:47,0,0,0,0
2022-11-08T06:22:03,0,0,0,0
2022-11-08T06:31:19,0,0,0,0
2022-11-08T06:40:37,0,0,0,0
2022-11-08T06:49:54,0,0,0,0
2022-11-08T06:59:21,0,0,0,0
2022-11-08T07:08:40,0,0,0,0
2022-11-08T07:17:58,0,0,0,0
2022-11-08T07:27:16,0,0,0,0
2022-11-08T07:36:36,0,0,0,0
2022-11-08T07:45:54,0,0,0,0
2022-11-08T07:55:14,0,0,0,0
2022-11-08T08:04:33,0,0,0,0
2022-11-08T08:13:52,0,0,0,0
2022-11-08T08:23:11,0,0,0,0
2022-11-08T08:32:29,0,0,0,0
2022-11-08T08:41:48,0,0,0,0
2022-11-08T08:51:07,0,0,0,0
2022-11-08T09:00:26,0,0,0,0
2022-11-08T09:17:09,0,0,0,0
2022-11-08T09:54:53,0,0,0,0
2022-11-08T10:06:21,0,0,0,0
2022-11-08T10:14:00,0,0,0,0
2022-11-08T10:23:20,0,0,0,0
2022-11-08T10:32:30,0,0,0,0
2022-11-08T10:41:39,0,0,0,0
2022-11-08T10:50:48,0,0,0,0
2022-11-08T11:00:10,0,0,0,0
2022-11-08T11:09:19,0,0,0,0
2022-11-08T11:18:30,0,0,0,0
2022-11-08T11:27:41,0,0,0,0
2022-11-08T11:36:52,0,0,0,0
2022-11-08T11:46:13,0,0,0,0
2022-11-08T11:55:23,0,0,0,0
2022-11-08T12:04:33,0,0,0,0
2022-11-08T12:13:42,0,0,0,0
2022-11-08T12:23:02,0,0,0,0
2022-11-08T12:32:13,0,0,0,0
2022-11-08T12:41:23,0,0,0,0
2022-11-08T12:50:33,0,0,0,0
2022-11-08T12:59:54,0,0,0,0
2022-11-08T13:09:06,0,0,0,0
2022-11-08T13:18:18,0,0,0,0
2022-11-08T13:27:30,0,0,0,0
2022-11-08T13:36:52,0,0,0,0
2022-11-08T13:46:04,0,0,0,0
2022-11-08T13:55:17,0,0,0,0
2022-11-08T14:04:29,0,0,0,0
2022-11-08T14:13:56,0,0,0,0
2022-11-08T14:23:09,0,0,0,0
2022-11-08T14:32:20,0,0,0,0
2022-11-08T14:41:29,0,0,0,0
2022-11-08T14:50:40,0,0,0,0
2022-11-08T15:00:02,0,0,0,0
2022-11-08T15:09:13,0,0,0,0
2022-11-08T15:18:24,0,0,0,0
2022-11-08T15:27:34,0,0,0,0
2022-11-08T15:41:58,0,0,0,0
2022-11-08T15:51:10,0,0,0,0
2022-11-08T16:00:25,0,0,0,0
2022-11-08T16:09:52,0,0,0,0
2022-11-08T16:19:04,0,0,0,0
2022-11-08T16:28:13,0,0,0,0
2022-11-08T16:37:23,0,0,0,0
2022-11-08T16:46:31,0,0,0,0
2022-11-08T16:55:50,0,0,0,0
2022-11-08T17:05:00,0,0,0,0
2022-11-08T17:14:09,0,0,0,0
2022-11-08T17:23:18,0,0,0,0
2022-11-08T17:32:38,0,0,0,0
2022-11-08T17:41:46,0,0,0,0
2022-11-08T17:50:55,0,0,0,0
2022-11-08T18:00:05,0,0,0,0
2022-11-08T18:09:27,0,0,0,0
2022-11-08T18:18:37,0,0,0,0
2022-11-08T18:27:47,0,0,0,0
2022-11-08T18:36:57,0,0,0,0
2022-11-08T18:46:05,0,0,0,0
2022-11-08T18:55:24,0,0,0,0
2022-11-08T19:04:32,0,0,0,0
2022-11-08T19:13:40,0,0,0,0
2022-11-08T19:22:47,0,0,0,0
2022-11-08T19:31:56,0,0,0,0
2022-11-08T19:41:14,0,0,0,0
2022-11-08T19:50:22,0,0,0,0
2022-11-08T19:59:30,0,0,0,0
2022-11-08T20:08:39,0,0,0,0
2022-11-08T20:17:48,0,0,0,0
2022-11-08T20:26:57,0,0,0,0
2022-11-08T20:36:05,0,0,0,0
2022-11-08T20:45:23,0,0,0,0
2022-11-08T20:54:30,0,0,0,0
2022-11-08T21:03:38,0,0,0,0
2022-11-08T21:12:45,0,0,0,0
2022-11-08T21:21:52,0,0,0,0
2022-11-08T21:30:58,0,0,0,0
2022-11-08T21:40:15,0,0,0,0
2022-11-08T21:49:21,0,0,0,0
2022-11-08T21:58:26,0,0,0,0
2022-11-08T22:07:33,0,0,0,0
2022-11-08T22:16:39,0,0,0,0
2022-11-08T22:25:45,0,0,0,0
2022-11-08T22:35:02,0,0,0,0
2022-11-08T22:44:08,0,0,0,0
2022-11-08T22:53:13,0,0,0,0
2022-11-08T23:02:19,0,0,0,0
2022-11-08T23:11:26,0,0,0,0
2022-11-08T23:20:32,0,0,0,0
2022-11-08T23:29:38,0,0,0,0
2022-11-08T23:38:57,0,0,0,0
2022-11-08T23:48:02,0,0,0,0
2022-11-08T23:57:08,0,0,0,0
2022-11-09T00:06:15,0,0,0,0
2022-11-09T00:15:22,0,0,0,0
2022-11-09T00:24:29,0,0,0,0
2022-11-09T00:33:48,0,0,0,0
2022-11-09T00:42:56,0,0,0,0
2022-11-09T00:52:04,0,0,0,0
2022-11-09T01:01:11,0,0,0,0
2022-11-09T01:10:18,0,0,0,0
2022-11-09T01:19:26,0,0,0,0
2022-11-09T01:28:34,0,0,0,0
2022-11-09T01:37:42,0,0,0,0
2022-11-09T01:46:50,0,0,0,0
2022-11-09T01:55:56,0,0,0,0
2022-11-09T02:05:03,0,0,0,0
2022-11-09T02:14:16,0,0,0,0
2022-11-09T02:23:23,0,0,0,0
2022-11-09T02:32:42,0,0,0,0
2022-11-09T02:41:49,0,0,0,0
2022-11-09T02:50:55,0,0,0,0
2022-11-09T03:00:01,0,0,0,0
2022-11-09T03:09:08,0,0,0,0
2022-11-09T03:18:15,0,0,0,0
2022-11-09T03:27:21,0,0,0,0
2022-11-09T03:36:28,0,0,0,0
2022-11-09T03:45:38,0,0,0,0
2022-11-09T03:54:47,0,0,0,0
2022-11-09T04:03:54,0,0,0,0
2022-11-09T04:24:11,0,0,0,0
2022-11-09T04:33:44,0,0,0,0
2022-11-09T04:42:54,0,0,0,0
2022-11-09T04:52:02,0,0,0,0
2022-11-09T05:01:08,0,0,0,0
2022-11-09T05:10:13,0,0,0,0
2022-11-09T05:19:19,0,0,0,0
2022-11-09T05:28:25,0,0,0,0
2022-11-09T05:37:33,0,0,0,0
2022-11-09T05:46:42,0,0,0,0
2022-11-09T05:55:51,0,0,0,0
2022-11-09T06:05:01,0,0,0,0
2022-11-09T06:14:10,0,0,0,0
2022-11-09T06:23:17,0,0,0,0
2022-11-09T06:32:24,0,0,0,0
2022-11-09T06:41:32,0,0,0,0
2022-11-09T06:50:38,0,0,0,0
2022-11-09T06:59:48,0,0,0,0
2022-11-09T07:08:58,0,0,0,0
2022-11-09T07:18:06,0,0,0,0
2022-11-09T07:27:14,0,0,0,0
2022-11-09T07:36:23,0,0,0,0
2022-11-09T07:45:32,0,0,0,0
2022-11-09T07:54:41,0,0,0,0
2022-11-09T08:03:50,0,0,0,0
2022-11-09T08:12:59,0,0,0,0
2022-11-09T08:22:08,0,0,0,0
2022-11-09T08:31:20,0,0,0,0
2022-11-09T08:40:40,0,0,0,0
2022-11-09T08:49:51,0,0,0,0
2022-11-09T08:59:01,0,0,0,0
2022-11-09T09:08:12,0,0,0,0
2022-11-09T09:17:23,0,0,0,0
2022-11-09T09:26:34,0,0,0,0
2022-11-09T09:35:56,0,0,0,0
2022-11-09T09:45:07,0,0,0,0
2022-11-09T09:54:19,0,0,0,0
2022-11-09T10:03:33,0,0,0,0
2022-11-09T10:12:48,0,0,0,0
2022-11-09T10:22:06,0,0,0,0
2022-11-09T10:31:31,0,0,0,0
2022-11-09T10:40:43,0,0,0,0
2022-11-09T10:50:05,0,0,0,0
2022-11-09T10:59:18,0,0,0,0
2022-11-09T11:08:40,0,0,0,0
2022-11-09T11:17:51,0,0,0,0
2022-11-09T11:27:04,0,0,0,0
2022-11-09T11:36:18,0,0,0,0
2022-11-09T11:45:42,0,0,0,0
2022-11-09T11:54:55,0,0,0,0
2022-11-09T12:04:10,0,0,0,0
2022-11-09T12:13:22,0,0,0,0
2022-11-09T12:22:44,0,0,0,0
2022-11-09T12:31:56,0,0,0,0
2022-11-09T12:41:07,0,0,0,0
2022-11-09T12:50:18,0,0,0,0
2022-11-09T12:59:40,0,0,0,0
2022-11-09T13:08:52,0,0,0,0
2022-11-09T13:18:05,0,0,0,0
2022-11-09T13:27:17,0,0,0,0
2022-11-09T13:36:33,0,0,0,0
2022-11-09T13:45:56,0,0,0,0
2022-11-09T13:55:09,0,0,0,0
2022-11-09T14:04:24,0,0,0,0
2022-11-09T14:13:52,0,0,0,0
2022-11-09T14:23:05,0,0,0,0
2022-11-09T14:32:18,0,0,0,0
2022-11-09T14:41:32,0,0,0,0
2022-11-09T14:50:43,0,0,0,0
2022-11-09T15:00:11,0,0,0,0
2022-11-09T15:09:24,0,0,0,0
2022-11-09T15:18:37,0,0,0,0
2022-11-09T15:27:49,0,0,0,0
2022-11-09T15:37:13,0,0,0,0
2022-11-09T15:46:26,0,0,0,0
2022-11-09T15:55:38,0,0,0,0
2022-11-09T16:05:05,0,0,0,0
2022-11-09T16:14:17,0,0,0,0
2022-11-09T16:23:28,0,0,0,0
2022-11-09T16:32:44,0,0,0,0
2022-11-09T16:42:06,0,0,0,0
2022-11-09T16:51:18,0,0,0,0
2022-11-09T17:00:31,0,0,0,0
2022-11-09T17:09:43,0,0,0,0
2022-11-09T17:19:07,0,0,0,0
2022-11-09T17:28:19,0,0,0,0
2022-11-09T17:37:31,0,0,0,0
2022-11-09T17:46:42,0,0,0,0
2022-11-09T17:55:53,0,0,0,0
2022-11-09T18:05:20,0,0,0,0
2022-11-09T18:14:32,0,0,0,0
2022-11-09T18:23:42,0,0,0,0
2022-11-09T18:32:53,0,0,0,0
2022-11-09T18:42:03,0,0,0,0
2022-11-09T18:51:24,0,0,0,0
2022-11-09T19:00:34,0,0,0,0
2022-11-09T19:09:45,0,0,0,0
2022-11-09T19:18:55,0,0,0,0
2022-11-09T19:28:06,0,0,0,0
2022-11-09T19:37:17,0,0,0,0
2022-11-09T19:46:37,0,0,0,0
2022-11-09T19:55:46,0,0,0,0
2022-11-09T20:04:56,0,0,0,0
2022-11-09T20:14:06,0,0,0,0
2022-11-09T20:23:15,0,0,0,0
2022-11-09T20:32:35,0,0,0,0
2022-11-09T20:41:45,0,0,0,0
2022-11-09T20:50:55,0,0,0,0
2022-11-09T21:00:03,0,0,0,0
2022-11-09T21:09:14,0,0,0,0
2022-11-09T21:18:34,0,0,0,0
2022-11-09T21:27:42,0,0,0,0
2022-11-09T21:36:51,0,0,0,0
2022-11-09T21:46:01,0,0,0,0
2022-11-09T21:55:09,0,0,0,0
2022-11-09T22:04:29,0,0,0,0
2022-11-09T22:13:38,0,0,0,0
2022-11-09T22:22:47,0,0,0,0
2022-11-09T22:31:56,0,0,0,0
2022-11-09T22:41:05,0,0,0,0
2022-11-09T22:50:12,0,0,0,0
2022-11-09T22:59:32,0,0,0,0
2022-11-09T23:08:41,0,0,0,0
2022-11-09T23:17:49,0,0,0,0
2022-11-09T23:26:57,0,0,0,0
2022-11-09T23:36:06,0,0,0,0
2022-11-09T23:45:14,0,0,0,0
2022-11-09T23:54:22,0,0,0,0
2022-11-10T00:03:42,0,0,0,0
2022-11-10T00:13:01,0,0,0,0
2022-11-10T00:22:12,0,0,0,0
2022-11-10T00:31:21,0,0,0,0
2022-11-10T00:40:33,0,0,0,0
2022-11-10T00:49:45,0,0,0,0
2022-11-10T00:58:55,0,0,0,0
2022-11-10T01:08:04,0,0,0,0
2022-11-10T01:17:26,0,0,0,0
2022-11-10T01:26:36,0,0,0,0
2022-11-10T01:35:45,0,0,0,0
2022-11-10T01:44:55,0,0,0,0
2022-11-10T01:54:04,0,0,0,0
2022-11-10T02:03:13,0,0,0,0
2022-11-10T02:12:21,0,0,0,0
2022-11-10T02:21:29,0,0,0,0
2022-11-10T02:30:39,0,0,0,0
2022-11-10T02:39:48,0,0,0,0
2022-11-10T02:48:56,0,0,0,0
2022-11-10T02:58:04,0,0,0,0
2022-11-10T03:07:12,0,0,0,0
2022-11-10T03:16:19,0,0,0,0
2022-11-10T03:25:25,0,0,0,0
2022-11-10T03:34:33,0,0,0,0
2022-11-10T03:43:41,0,0,0,0
2022-11-10T03:52:49,0,0,0,0
2022-11-10T04:01:57,0,0,0,0
2022-11-10T04:11:05,0,0,0,0
2022-11-10T04:25:06,0,0,0,0
2022-11-10T04:34:39,0,0,0,0
2022-11-10T04:43:48,0,0,0,0
2022-11-10T04:53:00,0,0,0,0
2022-11-10T05:02:09,0,0,0,0
2022-11-10T05:11:16,0,0,0,0
2022-11-10T05:20:26,0,0,0,0
2022-11-10T05:29:34,0,0,0,0
2022-11-10T05:38:42,0,0,0,0
2022-11-10T05:47:50,0,0,0,0
2022-11-10T05:56:58,0,0,0,0
2022-11-10T06:06:07,0,0,0,0
2022-11-10T06:15:15,0,0,0,0
2022-11-10T06:24:24,0,0,0,0
2022-11-10T06:33:31,0,0,0,0
2022-11-10T06:42:38,0,0,0,0
2022-11-10T06:51:44,0,0,0,0
2022-11-10T07:00:54,0,0,0,0
2022-11-10T07:10:06,0,0,0,0
2022-11-10T07:19:14,0,0,0,0
2022-11-10T07:28:23,0,0,0,0
2022-11-10T07:37:31,0,0,0,0
2022-11-10T07:46:39,0,0,0,0
2022-11-10T07:55:47,0,0,0,0
2022-11-10T08:04:56,0,0,0,0
2022-11-10T08:14:04,0,0,0,0
2022-11-10T08:23:13,0,0,0,0
2022-11-10T08:32:21,0,0,0,0
2022-11-10T08:41:39,0,0,0,0
2022-11-10T08:50:47,0,0,0,0
2022-11-10T08:59:55,0,0,0,0
2022-11-10T09:09:04,0,0,0,0
2022-11-10T09:18:14,0,0,0,0
2022-11-10T09:27:24,0,0,0,0
2022-11-10T09:36:35,0,0,0,0
2022-11-10T09:45:47,0,0,0,0
2022-11-10T09:54:58,0,0,0,0
2022-11-10T10:04:20,0,0,0,0
2022-11-10T10:13:31,0,0,0,0
2022-11-10T10:22:43,0,0,0,0
2022-11-10T10:31:54,0,0,0,0
2022-11-10T10:41:06,0,0,0,0
2022-11-10T10:50:28,0,0,0,0
2022-11-10T10:59:39,0,0,0,0
2022-11-10T11:08:54,0,0,0,0
2022-11-10T11:18:07,0,0,0,0
2022-11-10T11:27:29,0,0,0,0
2022-11-10T11:36:41,0,0,0,0
2022-11-10T11:45:54,0,0,0,0
2022-11-10T11:55:06,0,0,0,0
2022-11-10T12:04:29,0,0,0,0
2022-11-10T12:13:41,0,0,0,0
2022-11-10T12:22:51,0,0,0,0
2022-11-10T12:32:03,0,0,0,0
2022-11-10T12:41:25,0,0,0,0
2022-11-10T12:50:37,0,0,0,0
2022-11-10T12:59:48,0,0,0,0
2022-11-10T13:09:00,0,0,0,0
2022-11-10T13:18:24,0,0,0,0
2022-11-10T13:27:36,0,0,0,0
2022-11-10T13:36:49,0,0,0,0
2022-11-10T13:46:11,0,0,0,0
2022-11-10T13:55:24,0,0,0,0
2022-11-10T14:04:39,0,0,0,0
2022-11-10T14:14:05,0,0,0,0
2022-11-10T14:23:19,0,0,0,0
2022-11-10T14:32:31,0,0,0,0
2022-11-10T14:41:56,0,0,0,0
2022-11-10T14:51:08,0,0,0,0
2022-11-10T15:00:21,0,0,0,0
2022-11-10T15:09:43,0,0,0,0
2022-11-10T15:18:56,0,0,0,0
2022-11-10T15:28:08,0,0,0,0
2022-11-10T15:37:22,0,0,0,0
2022-11-10T15:46:45,0,0,0,0
2022-11-10T15:55:57,0,0,0,0
2022-11-10T16:05:09,0,0,0,0
2022-11-10T16:14:31,0,0,0,0
2022-11-10T16:23:42,0,0,0,0
2022-11-10T16:32:54,0,0,0,0
2022-11-10T16:42:04,0,0,0,0
2022-11-10T16:51:27,0,0,0,0
2022-11-10T17:00:37,0,0,0,0
2022-11-10T17:09:47,0,0,0,0
2022-11-10T17:18:57,0,0,0,0
2022-11-10T17:28:20,0,0,0,0
2022-11-10T17:37:32,0,0,0,0
2022-11-10T17:46:42,0,0,0,0
2022-11-10T17:55:52,0,0,0,0
2022-11-10T18:05:05,0,0,0,0
2022-11-10T18:14:30,0,0,0,0
2022-11-10T18:23:42,0,0,0,0
2022-11-10T18:32:54,0,0,0,0
2022-11-10T18:42:05,0,0,0,0
2022-11-10T18:51:16,0,0,0,0
2022-11-10T19:00:27,0,0,0,0
2022-11-10T19:09:48,0,0,0,0
2022-11-10T19:18:59,0,0,0,0
2022-11-10T19:28:09,0,0,0,0
2022-11-10T19:37:21,0,0,0,0
2022-11-10T19:46:31,0,0,0,0
2022-11-10T19:55:55,0,0,0,0
2022-11-10T20:05:06,0,0,0,0
2022-11-10T20:14:15,0,0,0,0
2022-11-10T20:23:25,0,0,0,0
2022-11-10T20:32:51,0,0,0,0
2022-11-10T20:42:05,0,0,0,0
2022-11-10T20:51:20,0,0,0,0
2022-11-10T21:00:34,0,0,0,0
2022-11-10T21:09:48,0,0,0,0
2022-11-10T21:19:01,0,0,0,0
2022-11-10T21:28:25,0,0,0,0
2022-11-10T21:37:38,0,0,0,0
2022-11-10T21:46:52,0,0,0,0
2022-11-10T21:56:03,0,0,0,0
2022-11-10T22:05:13,0,0,0,0
2022-11-10T22:14:34,0,0,0,0
2022-11-10T22:23:42,0,0,0,0
2022-11-10T22:32:47,0,0,0,0
2022-11-10T22:41:53,0,0,0,0
2022-11-10T22:50:58,0,0,0,0
2022-11-10T23:00:04,0,0,0,0
2022-11-10T23:09:21,0,0,0,0
2022-11-10T23:18:27,0,0,0,0
2022-11-10T23:27:33,0,0,0,0
2022-11-10T23:36:39,0,0,0,0
2022-11-10T23:45:44,0,0,0,0
2022-11-10T23:54:49,0,0,0,0
2022-11-11T00:03:55,0,0,0,0
2022-11-11T00:13:06,0,0,0,0
2022-11-11T00:22:15,0,0,0,0
2022-11-11T00:31:33,0,0,0,0
2022-11-11T00:40:41,0,0,0,0
2022-11-11T00:49:50,0,0,0,0
2022-11-11T00:58:58,0,0,0,0
2022-11-11T01:08:05,0,0,0,0
2022-11-11T01:17:12,0,0,0,0
2022-11-11T01:26:19,0,0,0,0
2022-11-11T01:35:27,0,0,0,0
2022-11-11T01:44:34,0,0,0,0
2022-11-11T01:53:41,0,0,0,0
2022-11-11T02:02:48,0,0,0,0
2022-11-11T02:11:53,0,0,0,0
2022-11-11T02:20:58,0,0,0,0
2022-11-11T02:30:03,0,0,0,0
2022-11-11T02:39:08,0,0,0,0
2022-11-11T02:48:12,0,0,0,0
2022-11-11T02:57:17,0,0,0,0
2022-11-11T03:06:22,0,0,0,0
2022-11-11T03:15:27,0,0,0,0
2022-11-11T03:24:32,0,0,0,0
2022-11-11T03:33:38,0,0,0,0
2022-11-11T03:42:45,0,0,0,0
2022-11-11T03:51:52,0,0,0,0
2022-11-11T04:01:06,0,0,0,0
2022-11-11T04:21:13,0,0,0,0
2022-11-11T04:30:22,0,0,0,0
2022-11-11T04:39:31,0,0,0,0
2022-11-11T04:50:03,0,0,0,0
2022-11-11T04:59:31,0,0,0,0
2022-11-11T05:08:40,0,0,0,0
2022-11-11T05:18:14,0,0,0,0
2022-11-11T05:28:34,0,0,0,0
2022-11-11T05:38:57,0,0,0,0
2022-11-11T05:48:05,0,0,0,0
2022-11-11T05:57:14,0,0,0,0
2022-11-11T06:06:24,0,0,0,0
2022-11-11T06:15:35,0,0,0,0
2022-11-11T06:24:44,0,0,0,0
2022-11-11T06:33:54,0,0,0,0
2022-11-11T06:43:03,0,0,0,0
2022-11-11T06:52:12,0,0,0,0
2022-11-11T07:01:24,0,0,0,0
2022-11-11T07:10:33,0,0,0,0
2022-11-11T07:19:44,0,0,0,0
2022-11-11T07:28:54,0,0,0,0
2022-11-11T07:38:05,0,0,0,0
2022-11-11T07:47:15,0,0,0,0
2022-11-11T07:56:27,0,0,0,0
2022-11-11T08:05:36,0,0,0,0
2022-11-11T08:14:44,0,0,0,0
2022-11-11T08:23:53,0,0,0,0
2022-11-11T08:33:03,0,0,0,0
2022-11-11T08:42:11,0,0,0,0
2022-11-11T08:51:20,0,0,0,0
2022-11-11T09:00:28,0,0,0,0
2022-11-11T09:09:37,0,0,0,0
2022-11-11T09:18:47,0,0,0,0
2022-11-11T09:28:12,0,0,0,0
2022-11-11T09:42:20,0,0,0,0
2022-11-11T09:51:29,0,0,0,0
2022-11-11T10:00:38,0,0,0,0
2022-11-11T10:09:46,0,0,0,0
2022-11-11T10:18:55,0,0,0,0
2022-11-11T10:28:02,0,0,0,0
2022-11-11T10:37:11,0,0,0,0
2022-11-11T10:46:30,0,0,0,0
2022-11-11T10:55:38,0,0,0,0
2022-11-11T11:04:47,0,0,0,0
2022-11-11T11:13:56,0,0,0,0
2022-11-11T11:23:05,0,0,0,0
2022-11-11T11:32:14,0,0,0,0
2022-11-11T11:41:41,0,0,0,0
2022-11-11T11:50:50,0,0,0,0
2022-11-11T11:59:59,0,0,0,0
2022-11-11T12:09:11,0,0,0,0
2022-11-11T12:18:19,0,0,0,0
2022-11-11T12:27:28,0,0,0,0
2022-11-11T12:36:50,0,0,0,0
2022-11-11T12:45:58,0,0,0,0
2022-11-11T12:55:07,0,0,0,0
2022-11-11T13:04:17,0,0,0,0
2022-11-11T13:13:26,0,0,0,0
2022-11-11T13:22:34,0,0,0,0
2022-11-11T13:31:53,0,0,0,0
2022-11-11T13:41:02,0,0,0,0
2022-11-11T13:50:11,0,0,0,0
2022-11-11T13:59:19,0,0,0,0
2022-11-11T14:08:48,0,0,0,0
2022-11-11T14:17:56,0,0,0,0
2022-11-11T14:27:04,0,0,0,0
2022-11-11T14:36:13,0,0,0,0
2022-11-11T14:45:23,0,0,0,0
2022-11-11T14:54:32,0,0,0,0
2022-11-11T15:03:50,0,0,0,0
2022-11-11T15:13:00,0,0,0,0
2022-11-11T15:22:11,0,0,0,0
2022-11-11T15:31:19,0,0,0,0
2022-11-11T15:40:28,0,0,0,0
2022-11-11T15:49:53,0,0,0,0
2022-11-11T15:59:02,0,0,0,0
2022-11-11T16:08:11,0,0,0,0
2022-11-11T16:17:18,0,0,0,0
2022-11-11T16:26:27,0,0,0,0
2022-11-11T16:35:35,0,0,0,0
2022-11-11T16:44:44,0,0,0,0
2022-11-11T16:54:02,0,0,0,0
2022-11-11T17:03:10,0,0,0,0
2022-11-11T17:12:21,0,0,0,0
2022-11-11T17:21:31,0,0,0,0
2022-11-11T17:30:40,0,0,0,0
2022-11-11T17:39:49,0,0,0,0
2022-11-11T17:49:16,0,0,0,0
2022-11-11T17:58:26,0,0,0,0
2022-11-11T18:07:38,0,0,0,0
2022-11-11T18:16:50,0,0,0,0
2022-11-11T18:26:03,0,0,0,0
2022-11-11T18:35:16,0,0,0,0
2022-11-11T18:44:38,0,0,0,0
2022-11-11T18:53:48,0,0,0,0
2022-11-11T19:02:59,0,0,0,0
2022-11-11T19:12:08,0,0,0,0
2022-11-11T19:21:18,0,0,0,0
2022-11-11T19:30:27,0,0,0,0
2022-11-11T19:39:45,0,0,0,0
2022-11-11T19:48:53,0,0,0,0
2022-11-11T19:58:01,0,0,0,0
2022-11-11T20:07:08,0,0,0,0
2022-11-11T20:16:16,0,0,0,0
2022-11-11T20:25:24,0,0,0,0
2022-11-11T20:34:32,0,0,0,0
2022-11-11T20:44:01,0,0,0,0
2022-11-11T20:53:09,0,0,0,0
2022-11-11T21:02:17,0,0,0,0
2022-11-11T21:11:25,0,0,0,0
2022-11-11T21:20:33,0,0,0,0
2022-11-11T21:29:40,0,0,0,0
2022-11-11T21:38:46,0,0,0,0
2022-11-11T21:47:53,0,0,0,0
2022-11-11T21:56:59,0,0,0,0
2022-11-11T22:06:17,0,0,0,0
2022-11-11T22:15:25,0,0,0,0
2022-11-11T22:24:32,0,0,0,0
2022-11-11T22:33:39,0,0,0,0
2022-11-11T22:42:46,0,0,0,0
2022-11-11T22:51:53,0,0,0,0
2022-11-11T23:01:00,0,0,0,0
2022-11-11T23:10:08,0,0,0,0
2022-11-11T23:19:15,0,0,0,0
2022-11-11T23:28:22,0,0,0,0
2022-11-11T23:37:30,0,0,0,0
2022-11-11T23:46:55,0,0,0,0
2022-11-11T23:56:01,0,0,0,0
2022-11-12T00:05:10,0,0,0,0
2022-11-12T00:14:19,0,0,0,0
2022-11-12T00:23:29,0,0,0,0
2022-11-12T00:32:36,0,0,0,0
2022-11-12T00:41:45,0,0,0,0
2022-11-12T00:50:55,0,0,0,0
2022-11-12T01:00:03,0,0,0,0
2022-11-12T01:09:11,0,0,0,0
2022-11-12T01:18:18,0,0,0,0
2022-11-12T01:27:27,0,0,0,0
2022-11-12T01:36:35,0,0,0,0
2022-11-12T01:45:42,0,0,0,0
2022-11-12T01:54:50,0,0,0,0
2022-11-12T02:03:59,0,0,0,0
2022-11-12T02:13:09,0,0,0,0
2022-11-12T02:22:17,0,0,0,0
2022-11-12T02:31:25,0,0,0,0
2022-11-12T02:40:33,0,0,0,0
2022-11-12T02:49:40,0,0,0,0
2022-11-12T02:58:47,0,0,0,0
2022-11-12T03:07:55,0,0,0,0
2022-11-12T03:17:03,0,0,0,0
2022-11-12T03:26:12,0,0,0,0
2022-11-12T03:35:20,0,0,0,0
2022-11-12T03:44:30,0,0,0,0
2022-11-12T03:53:39,0,0,0,0
2022-11-12T04:02:48,0,0,0,0
2022-11-12T04:23:54,0,0,0,0
2022-11-12T04:33:28,0,0,0,0
2022-11-12T04:42:39,0,0,0,0
2022-11-12T04:51:48,0,0,0,0
2022-11-12T05:00:57,0,0,0,0
2022-11-12T05:10:04,0,0,0,0
2022-11-12T05:19:11,0,0,0,0
2022-11-12T05:28:18,0,0,0,0
2022-11-12T05:37:25,0,0,0,0
2022-11-12T05:46:32,0,0,0,0
2022-11-12T05:55:41,0,0,0,0
2022-11-12T06:04:53,0,0,0,0
2022-11-12T06:14:03,0,0,0,0
2022-11-12T06:23:13,0,0,0,0
2022-11-12T06:32:20,0,0,0,0
2022-11-12T06:41:29,0,0,0,0
2022-11-12T06:50:37,0,0,0,0
2022-11-12T06:59:47,0,0,0,0
2022-11-12T07:08:57,0,0,0,0
2022-11-12T07:18:06,0,0,0,0
2022-11-12T07:27:14,0,0,0,0
2022-11-12T07:36:23,0,0,0,0
2022-11-12T07:45:32,0,0,0,0
2022-11-12T07:54:41,0,0,0,0
2022-11-12T08:03:51,0,0,0,0
2022-11-12T08:13:00,0,0,0,0
2022-11-12T08:22:08,0,0,0,0
2022-11-12T08:31:18,0,0,0,0
2022-11-12T08:40:26,0,0,0,0
2022-11-12T08:49:38,0,0,0,0
2022-11-12T08:58:47,0,0,0,0
2022-11-12T09:07:55,0,0,0,0
2022-11-12T09:17:04,0,0,0,0
2022-11-12T09:26:11,0,0,0,0
2022-11-12T09:35:17,0,0,0,0
2022-11-12T09:44:24,0,0,0,0
2022-11-12T09:53:31,0,0,0,0
2022-11-12T10:02:36,0,0,0,0
2022-11-12T10:11:41,0,0,0,0
2022-11-12T10:20:46,0,0,0,0
2022-11-12T10:29:51,0,0,0,0
2022-11-12T10:38:56,0,0,0,0
2022-11-12T10:48:01,0,0,0,0
2022-11-12T10:57:06,0,0,0,0
2022-11-12T11:06:12,0,0,0,0
2022-11-12T11:15:17,0,0,0,0
2022-11-12T11:24:22,0,0,0,0
2022-11-12T11:33:27,0,0,0,0
2022-11-12T11:42:33,0,0,0,0
2022-11-12T11:51:38,0,0,0,0
2022-11-12T12:00:54,0,0,0,0
2022-11-12T12:09:59,0,0,0,0
2022-11-12T12:19:04,0,0,0,0
2022-11-12T12:28:11,0,0,0,0
2022-11-12T12:37:16,0,0,0,0
2022-11-12T12:46:21,0,0,0,0
2022-11-12T12:55:27,0,0,0,0
2022-11-12T13:04:31,0,0,0,0
2022-11-12T13:13:37,0,0,0,0
2022-11-12T13:22:42,0,0,0,0
2022-11-12T13:31:47,0,0,0,0
2022-11-12T13:40:52,0,0,0,0
2022-11-12T13:49:57,0,0,0,0
2022-11-12T13:59:02,0,0,0,0
2022-11-12T14:08:07,0,0,0,0
2022-11-12T14:17:12,0,0,0,0
2022-11-12T14:26:18,0,0,0,0
2022-11-12T14:35:34,0,0,0,0
2022-11-12T14:44:40,0,0,0,0
2022-11-12T14:53:45,0,0,0,0
2022-11-12T15:02:50,0,0,0,0
2022-11-12T15:11:55,0,0,0,0
2022-11-12T15:21:00,0,0,0,0
2022-11-12T15:30:05,0,0,0,0
2022-11-12T15:39:11,0,0,0,0
2022-11-12T15:48:16,0,0,0,0
2022-11-12T15:57:21,0,0,0,0
2022-11-12T16:06:26,0,0,0,0
2022-11-12T16:15:32,0,0,0,0
2022-11-12T16:24:37,0,0,0,0
2022-11-12T16:33:43,0,0,0,0
2022-11-12T16:42:48,0,0,0,0
2022-11-12T16:51:54,0,0,0,0
2022-11-12T17:00:59,0,0,0,0
2022-11-12T17:10:16,0,0,0,0
2022-11-12T17:19:21,0,0,0,0
2022-11-12T17:28:27,0,0,0,0
2022-11-12T17:37:32,0,0,0,0
2022-11-12T17:46:38,0,0,0,0
2022-11-12T17:55:43,0,0,0,0
2022-11-12T18:04:49,0,0,0,0
2022-11-12T18:13:54,0,0,0,0
2022-11-12T18:23:00,0,0,0,0
2022-11-12T18:33:07,0,0,0,0
2022-11-12T18:42:19,0,0,0,0
2022-11-12T18:51:26,0,0,0,0
2022-11-12T19:00:33,0,0,0,0
2022-11-12T19:09:40,0,0,0,0
2022-11-12T19:18:46,0,0,0,0
2022-11-12T19:27:53,0,0,0,0
2022-11-12T19:36:59,0,0,0,0
2022-11-12T19:46:05,0,0,0,0
2022-11-12T19:55:20,0,0,0,0
2022-11-12T20:04:26,0,0,0,0
2022-11-12T20:13:32,0,0,0,0
2022-11-12T20:22:37,0,0,0,0
2022-11-12T20:31:42,0,0,0,0
2022-11-12T20:40:47,0,0,0,0
2022-11-12T20:49:52,0,0,0,0
2022-11-12T20:58:57,0,0,0,0
2022-11-12T21:08:02,0,0,0,0
2022-11-12T21:17:09,0,0,0,0
2022-11-12T21:26:14,0,0,0,0
2022-11-12T21:35:19,0,0,0,0
2022-11-12T21:44:24,0,0,0,0
2022-11-12T21:53:29,0,0,0,0
2022-11-12T22:02:34,0,0,0,0
2022-11-12T22:11:39,0,0,0,0
2022-11-12T22:20:45,0,0,0,0
2022-11-12T22:29:50,0,0,0,0
2022-11-12T22:38:56,0,0,0,0
2022-11-12T22:48:12,0,0,0,0
2022-11-12T22:57:17,0,0,0,0
2022-11-12T23:06:23,0,0,0,0
2022-11-12T23:15:28,0,0,0,0
2022-11-12T23:24:35,0,0,0,0
2022-11-12T23:33:40,0,0,0,0
2022-11-12T23:42:46,0,0,0,0
2022-11-12T23:51:51,0,0,0,0
2022-11-13T00:00:56,0,0,0,0
2022-11-13T00:10:02,0,0,0,0
2022-11-13T00:19:11,0,0,0,0
2022-11-13T00:28:17,0,0,0,0
2022-11-13T00:37:24,0,0,0,0
2022-11-13T00:46:33,0,0,0,0
2022-11-13T00:55:39,0,0,0,0
2022-11-13T01:04:45,0,0,0,0
2022-11-13T01:13:50,0,0,0,0
2022-11-13T01:22:57,0,0,0,0
2022-11-13T01:32:13,0,0,0,0
2022-11-13T01:41:20,0,0,0,0
2022-11-13T01:50:26,0,0,0,0
2022-11-13T01:59:34,0,0,0,0
2022-11-13T02:08:43,0,0,0,0
2022-11-13T02:17:50,0,0,0,0
2022-11-13T02:26:57,0,0,0,0
2022-11-13T02:36:09,0,0,0,0
2022-11-13T02:45:15,0,0,0,0
2022-11-13T02:54:21,0,0,0,0
2022-11-13T03:03:26,0,0,0,0
2022-11-13T03:12:32,0,0,0,0
2022-11-13T03:21:39,0,0,0,0
2022-11-13T03:30:46,0,0,0,0
2022-11-13T03:39:54,0,0,0,0
2022-11-13T03:49:01,0,0,0,0
2022-11-13T03:58:10,0,0,0,0
2022-11-13T04:07:19,0,0,0,0
2022-11-13T04:25:58,0,0,0,0
2022-11-13T04:35:30,0,0,0,0
2022-11-13T04:44:39,0,0,0,0
2022-11-13T04:53:47,0,0,0,0
2022-11-13T05:02:54,0,0,0,0
2022-11-13T05:11:59,0,0,0,0
2022-11-13T05:21:03,0,0,0,0
2022-11-13T05:30:07,0,0,0,0
2022-11-13T05:39:12,0,0,0,0
2022-11-13T05:49:53,0,0,0,0
2022-11-13T05:59:02,0,0,0,0
2022-11-13T06:08:11,0,0,0,0
2022-11-13T06:17:20,0,0,0,0
2022-11-13T06:26:28,0,0,0,0
2022-11-13T06:35:35,0,0,0,0
2022-11-13T06:44:43,0,0,0,0
2022-11-13T06:53:49,0,0,0,0
2022-11-13T07:02:59,0,0,0,0
2022-11-13T07:12:06,0,0,0,0
2022-11-13T07:21:13,0,0,0,0
2022-11-13T07:30:21,0,0,0,0
2022-11-13T07:39:31,0,0,0,0
2022-11-13T07:48:40,0,0,0,0
2022-11-13T07:57:51,0,0,0,0
2022-11-13T08:07:06,0,0,0,0
2022-11-13T08:16:15,0,0,0,0
2022-11-13T08:25:23,0,0,0,0
2022-11-13T08:34:30,0,0,0,0
2022-11-13T08:43:37,0,0,0,0
2022-11-13T08:52:43,0,0,0,0
2022-11-13T09:01:50,0,0,0,0
2022-11-13T09:10:56,0,0,0,0
2022-11-13T09:20:02,0,0,0,0
2022-11-13T10:14:01,0,0,0,0
2022-11-13T10:23:10,0,0,0,0
2022-11-13T10:32:17,0,0,0,0
2022-11-13T10:41:24,0,0,0,0
2022-11-13T10:50:32,0,0,0,0
2022-11-13T10:59:42,0,0,0,0
2022-11-13T11:08:50,0,0,0,0
2022-11-13T11:18:10,0,0,0,0
2022-11-13T11:27:18,0,0,0,0
2022-11-13T11:36:27,0,0,0,0
2022-11-13T11:45:38,0,0,0,0
2022-11-13T11:54:47,0,0,0,0
2022-11-13T12:03:58,0,0,0,0
2022-11-13T12:13:09,0,0,0,0
2022-11-13T12:22:21,0,0,0,0
2022-11-13T12:31:31,0,0,0,0
2022-11-13T12:40:38,0,0,0,0
2022-11-13T12:49:45,0,0,0,0
2022-11-13T12:58:54,0,0,0,0
2022-11-13T13:08:01,0,0,0,0
2022-11-13T13:17:11,0,0,0,0
2022-11-13T13:26:21,0,0,0,0
2022-11-13T13:35:32,0,0,0,0
2022-11-13T13:44:40,0,0,0,0
2022-11-13T13:53:49,0,0,0,0
2022-11-13T14:03:21,0,0,0,0
2022-11-13T14:12:28,0,0,0,0
2022-11-13T14:21:36,0,0,0,0
2022-11-13T14:30:46,0,0,0,0
2022-11-13T14:39:59,0,0,0,0
2022-11-13T14:49:06,0,0,0,0
2022-11-13T14:58:13,0,0,0,0
2022-11-13T15:07:20,0,0,0,0
2022-11-13T15:16:27,0,0,0,0
2022-11-13T15:25:34,0,0,0,0
2022-11-13T15:34:41,0,0,0,0
2022-11-13T15:43:52,0,0,0,0
2022-11-13T15:52:59,0,0,0,0
2022-11-13T16:02:06,0,0,0,0
2022-11-13T16:11:14,0,0,0,0
2022-11-13T16:20:22,0,0,0,0
2022-11-13T16:29:30,0,0,0,0
2022-11-13T16:38:37,0,0,0,0
2022-11-13T16:48:02,0,0,0,0
2022-11-13T16:57:09,0,0,0,0
2022-11-13T17:06:16,0,0,0,0
2022-11-13T17:15:24,0,0,0,0
2022-11-13T17:24:33,0,0,0,0
2022-11-13T17:33:40,0,0,0,0
2022-11-13T17:42:47,0,0,0,0
2022-11-13T17:51:55,0,0,0,0
2022-11-13T18:01:02,0,0,0,0
2022-11-13T18:10:09,0,0,0,0
2022-11-13T18:19:17,0,0,0,0
2022-11-13T18:28:24,0,0,0,0
2022-11-13T18:37:41,0,0,0,0
2022-11-13T18:46:48,0,0,0,0
2022-11-13T18:55:55,0,0,0,0
2022-11-13T19:05:03,0,0,0,0
2022-11-13T19:14:11,0,0,0,0
2022-11-13T19:23:19,0,0,0,0
2022-11-13T19:32:27,0,0,0,0
2022-11-13T19:41:35,0,0,0,0
2022-11-13T19:50:44,0,0,0,0
2022-11-13T19:59:52,0,0,0,0
2022-11-13T20:09:00,0,0,0,0
2022-11-13T20:18:08,0,0,0,0
2022-11-13T20:27:15,0,0,0,0
2022-11-13T20:36:34,0,0,0,0
2022-11-13T20:45:41,0,0,0,0
2022-11-13T20:54:47,0,0,0,0
2022-11-13T21:03:54,0,0,0,0
2022-11-13T21:13:01,0,0,0,0
2022-11-13T21:22:09,0,0,0,0
2022-11-13T21:31:16,0,0,0,0
2022-11-13T21:40:24,0,0,0,0
2022-11-13T21:49:30,0,0,0,0
2022-11-13T21:58:37,0,0,0,0
2022-11-13T22:07:45,0,0,0,0
2022-11-13T22:16:52,0,0,0,0
2022-11-13T22:26:08,0,0,0,0
2022-11-13T22:35:15,0,0,0,0
2022-11-13T22:44:22,0,0,0,0
2022-11-13T22:53:28,0,0,0,0
2022-11-13T23:02:36,0,0,0,0
2022-11-13T23:11:43,0,0,0,0
2022-11-13T23:20:51,0,0,0,0
2022-11-13T23:29:59,0,0,0,0
2022-11-13T23:39:05,0,0,0,0
2022-11-13T23:48:12,0,0,0,0
2022-11-13T23:57:19,0,0,0,0
2022-11-14T00:06:46,0,0,0,0
2022-11-14T00:16:00,0,0,0,0
2022-11-14T00:25:13,0,0,0,0
2022-11-14T00:34:32,0,0,0,0
2022-11-14T00:43:46,0,0,0,0
2022-11-14T00:52:54,0,0,0,0
2022-11-14T01:02:03,0,0,0,0
2022-11-14T01:11:14,0,0,0,0
2022-11-14T01:20:25,0,0,0,0
2022-11-14T01:29:36,0,0,0,0
2022-11-14T01:38:46,0,0,0,0
2022-11-14T01:47:56,0,0,0,0
2022-11-14T01:57:07,0,0,0,0
2022-11-14T02:06:15,0,0,0,0
2022-11-14T02:15:26,0,0,0,0
2022-11-14T02:24:37,0,0,0,0
2022-11-14T02:34:04,0,0,0,0
2022-11-14T02:43:11,0,0,0,0
2022-11-14T02:52:25,0,0,0,0
2022-11-14T03:01:39,0,0,0,0
2022-11-14T03:10:54,0,0,0,0
2022-11-14T03:20:10,0,0,0,0
2022-11-14T03:29:26,0,0,0,0
2022-11-14T03:38:43,0,0,0,0
2022-11-14T03:48:00,0,0,0,0
2022-11-14T03:57:17,0,0,0,0
2022-11-14T04:06:34,0,0,0,0
2022-11-14T04:27:58,0,0,0,0
2022-11-14T04:37:36,0,0,0,0
2022-11-14T04:46:48,0,0,0,0
2022-11-14T04:55:57,0,0,0,0
2022-11-14T05:05:05,0,0,0,0
2022-11-14T05:14:12,0,0,0,0
2022-11-14T05:23:19,0,0,0,0
2022-11-14T05:32:26,0,0,0,0
2022-11-14T05:41:34,0,0,0,0
2022-11-14T05:50:42,0,0,0,0
2022-11-14T05:59:52,0,0,0,0
2022-11-14T06:09:05,0,0,0,0
2022-11-14T06:18:16,0,0,0,0
2022-11-14T06:27:29,0,0,0,0
2022-11-14T06:36:38,0,0,0,0
2022-11-14T06:45:48,0,0,0,0
2022-11-14T06:54:57,0,0,0,0
2022-11-14T07:04:06,0,0,0,0
2022-11-14T07:13:15,0,0,0,0
2022-11-14T07:22:29,0,0,0,0
2022-11-14T07:31:39,0,0,0,0
2022-11-14T07:40:59,0,0,0,0
2022-11-14T07:50:10,0,0,0,0
2022-11-14T07:59:21,0,0,0,0
2022-11-14T08:08:33,0,0,0,0
2022-11-14T08:17:44,0,0,0,0
2022-11-14T08:26:56,0,0,0,0
2022-11-14T08:36:09,0,0,0,0
2022-11-14T08:45:20,0,0,0,0
2022-11-14T08:54:31,0,0,0,0
2022-11-14T09:03:42,0,0,0,0
2022-11-14T09:12:53,0,0,0,0
2022-11-14T09:22:09,0,0,0,0
2022-11-14T09:31:21,0,0,0,0
2022-11-14T09:40:44,0,0,0,0
2022-11-14T09:49:55,0,0,0,0
2022-11-14T09:59:06,0,0,0,0
2022-11-14T10:08:17,0,0,0,0
2022-11-14T10:17:26,0,0,0,0
2022-11-14T10:26:37,0,0,0,0
2022-11-14T10:35:47,0,0,0,0
2022-11-14T10:45:15,0,0,0,0
2022-11-14T10:54:25,0,0,0,0
2022-11-14T11:03:37,0,0,0,0
2022-11-14T11:12:49,0,0,0,0
2022-11-14T11:21:59,0,0,0,0
2022-11-14T11:31:19,0,0,0,0
2022-11-14T11:40:29,0,0,0,0
2022-11-14T11:49:39,0,0,0,0
2022-11-14T11:58:49,0,0,0,0
2022-11-14T12:07:59,0,0,0,0
2022-11-14T12:17:21,0,0,0,0
2022-11-14T12:26:31,0,0,0,0
2022-11-14T12:35:42,0,0,0,0
2022-11-14T12:44:52,0,0,0,0
2022-11-14T12:54:02,0,0,0,0
2022-11-14T13:03:12,0,0,0,0
2022-11-14T13:12:33,0,0,0,0
2022-11-14T13:21:44,0,0,0,0
2022-11-14T13:30:56,0,0,0,0
2022-11-14T13:40:08,0,0,0,0
2022-11-14T13:49:18,0,0,0,0
2022-11-14T13:58:29,0,0,0,0
2022-11-14T14:07:52,0,0,0,0
2022-11-14T14:17:03,0,0,0,0
2022-11-14T14:26:13,0,0,0,0
2022-11-14T14:35:24,0,0,0,0
2022-11-14T14:44:48,0,0,0,0
2022-11-14T14:53:58,0,0,0,0
2022-11-14T15:03:09,0,0,0,0
2022-11-14T15:12:19,0,0,0,0
2022-11-14T15:21:29,0,0,0,0
2022-11-14T15:30:39,0,0,0,0
2022-11-14T15:39:49,0,0,0,0
2022-11-14T15:49:10,0,0,0,0
2022-11-14T15:58:21,0,0,0,0
2022-11-14T16:07:31,0,0,0,0
2022-11-14T16:16:40,0,0,0,0
2022-11-14T16:25:50,0,0,0,0
2022-11-14T16:35:00,0,0,0,0
2022-11-14T16:44:19,0,0,0,0
2022-11-14T16:53:28,0,0,0,0
2022-11-14T17:02:38,0,0,0,0
2022-11-14T17:11:48,0,0,0,0
2022-11-14T17:21:07,0,0,0,0
2022-11-14T17:30:16,0,0,0,0
2022-11-14T17:39:25,0,0,0,0
2022-11-14T17:48:33,0,0,0,0
2022-11-14T17:57:41,0,0,0,0
2022-11-14T18:06:50,0,0,0,0
2022-11-14T18:16:09,0,0,0,0
2022-11-14T18:25:18,0,0,0,0
2022-11-14T18:34:26,0,0,0,0
2022-11-14T18:43:35,0,0,0,0
2022-11-14T18:52:43,0,0,0,0
2022-11-14T19:01:52,0,0,0,0
2022-11-14T19:11:01,0,0,0,0
2022-11-14T19:20:19,0,0,0,0
2022-11-14T19:29:27,0,0,0,0
2022-11-14T19:38:36,0,0,0,0
2022-11-14T19:47:45,0,0,0,0
2022-11-14T19:56:53,0,0,0,0
2022-11-14T20:06:01,0,0,0,0
2022-11-14T20:15:19,0,0,0,0
2022-11-14T20:24:27,0,0,0,0
2022-11-14T20:33:35,0,0,0,0
2022-11-14T20:42:43,0,0,0,0
2022-11-14T20:51:50,0,0,0,0
2022-11-14T21:00:57,0,0,0,0
2022-11-14T21:10:05,0,0,0,0
2022-11-14T21:19:13,0,0,0,0
2022-11-14T21:28:31,0,0,0,0
2022-11-14T21:37:39,0,0,0,0
2022-11-14T21:46:47,0,0,0,0
2022-11-14T21:55:55,0,0,0,0
2022-11-14T22:05:03,0,0,0,0
2022-11-14T22:14:11,0,0,0,0
2022-11-14T22:23:19,0,0,0,0
2022-11-14T22:32:26,0,0,0,0
2022-11-14T22:41:44,0,0,0,0
2022-11-14T22:50:52,0,0,0,0
2022-11-14T22:59:59,0,0,0,0
2022-11-14T23:09:07,0,0,0,0
2022-11-14T23:18:15,0,0,0,0
2022-11-14T23:27:22,0,0,0,0
2022-11-14T23:36:29,0,0,0,0
2022-11-14T23:45:37,0,0,0,0
2022-11-14T23:54:55,0,0,0,0
2022-11-15T00:04:02,0,0,0,0
2022-11-15T00:13:11,0,0,0,0
2022-11-15T00:22:25,0,0,0,0
2022-11-15T00:31:35,0,0,0,0
2022-11-15T00:40:44,0,0,0,0
2022-11-15T00:49:55,0,0,0,0
2022-11-15T00:59:04,0,0,0,0
2022-11-15T01:08:13,0,0,0,0
2022-11-15T01:17:21,0,0,0,0
2022-11-15T01:26:30,0,0,0,0
2022-11-15T01:35:40,0,0,0,0
2022-11-15T01:44:50,0,0,0,0
2022-11-15T01:53:58,0,0,0,0
2022-11-15T02:03:05,0,0,0,0
2022-11-15T02:12:23,0,0,0,0
2022-11-15T02:21:30,0,0,0,0
2022-11-15T02:30:37,0,0,0,0
2022-11-15T02:39:47,0,0,0,0
2022-11-15T02:48:57,0,0,0,0
2022-11-15T02:58:06,0,0,0,0
2022-11-15T03:07:16,0,0,0,0
2022-11-15T03:16:26,0,0,0,0
2022-11-15T03:25:35,0,0,0,0
2022-11-15T03:34:43,0,0,0,0
2022-11-15T03:43:52,0,0,0,0
2022-11-15T03:53:02,0,0,0,0
2022-11-15T04:02:11,0,0,0,0
2022-11-15T04:11:21,0,0,0,0
2022-11-15T04:29:21,0,0,0,0
2022-11-15T04:38:40,0,0,0,0
2022-11-15T04:47:51,0,0,0,0
2022-11-15T04:57:02,0,0,0,0
2022-11-15T05:06:13,0,0,0,0
2022-11-15T05:15:22,0,0,0,0
2022-11-15T05:24:29,0,0,0,0
2022-11-15T05:33:37,0,0,0,0
2022-11-15T05:42:45,0,0,0,0
2022-11-15T05:51:54,0,0,0,0
2022-11-15T06:01:06,0,0,0,0
2022-11-15T06:10:18,0,0,0,0
2022-11-15T06:19:29,0,0,0,0
2022-11-15T06:28:39,0,0,0,0
2022-11-15T06:37:48,0,0,0,0
2022-11-15T06:46:57,0,0,0,0
2022-11-15T06:56:07,0,0,0,0
2022-11-15T07:05:17,0,0,0,0
2022-11-15T07:14:28,0,0,0,0
2022-11-15T07:23:38,0,0,0,0
2022-11-15T07:32:52,0,0,0,0
2022-11-15T07:42:03,0,0,0,0
2022-11-15T07:51:14,0,0,0,0
2022-11-15T08:00:25,0,0,0,0
2022-11-15T08:09:48,0,0,0,0
2022-11-15T08:18:58,0,0,0,0
2022-11-15T08:28:10,0,0,0,0
2022-11-15T08:37:21,0,0,0,0
2022-11-15T08:46:31,0,0,0,0
2022-11-15T08:55:42,0,0,0,0
2022-11-15T09:04:53,0,0,0,0
2022-11-15T09:14:04,0,0,0,0
2022-11-15T09:23:16,0,0,0,0
2022-11-15T09:32:27,0,0,0,0
2022-11-15T09:41:50,0,0,0,0
2022-11-15T09:51:01,0,0,0,0
2022-11-15T10:00:12,0,0,0,0
2022-11-15T10:09:24,0,0,0,0
2022-11-15T10:18:36,0,0,0,0
2022-11-15T10:27:46,0,0,0,0
2022-11-15T10:37:30,0,0,0,0
